character,feeling_rank,Instagram,LinkedIn,SnapChat,Twitter,Whatsapp_Wechat,youtube,OTT,Reddit,entire_week_feeling
masinl,No,3.5,4,1,5,1,2.5,14.5,2.5,3
peace,No,7.73,5.2,3.68,0,4.18,4.25,0,0,3
Patty,Yes,3.77,7,0.53,0,9.83,1.85,2,0,4
Bunny,Yes,5.38,5.32,1.3,0,5.3,2,2,0,4
tl868,No,12,0.58,0,0.67,3,3.5,2,1,3
drphy,Yes,2.33,7,0.47,0,12,7,3,0,5
trave,Yes,5.37,4,0,0,6,3,0,0,4
PQR12,Yes,7,4,3,0,10,2,3,0,4
yh2020,No,8.65,10,3.83,0,6.15,4,3,0,3
ds2134,No,0.17,0,0,0,1,3,0,0,2
ki567,Yes,4.58,2.13,0.42,2.42,1,1,0,0,4
ak2001,No,3.33,2.5,0.33,2.83,3.67,2.5,1.5,0,3
Harvey,Yes,5.3,1.52,14.87,0,4.02,0.54,0.51,0.01,4
hahah,No,6,3,1,1,3.42,2.5,1,0,3
AKIRA,No,4.65,3.75,1.42,0,6.5,3.13,1.92,7,3
vp1234,Yes,7,5,0.42,0,5,5,1,0.5,5
sss32,No,9.8,0.8,0,0.27,13.35,3.53,1.68,0,3
MVA37@S,No,6.8,1.92,1.87,0,6.95,0.8,2.47,0,3
ABC34,No,5.67,3.92,0,0,8.92,5.15,0,0,3
XYZ56,No,15.02,3.95,7.32,0,15.35,5.17,10,0,3
Baiqi,No,0.33,0.52,0,0,8.38,0,0,0,3
NUN18,No,5.23,3.2,2.23,0,6.45,4.3,1.47,0,3